username,judul,harga,status
robi,Bumi,85000,Diterima
robi,Hujan,78000,Diterima
robi,Hujan,78000,Diterima
robi,Bumi,85000,Diterima
robi,Hujan,78000,Diterima
robi,Bumi,85000,Diterima
robi,Hujan,78000,Diterima
robi,Koala Kumal,60000,Diterima
robi,Koala Kumal,60000,Diterima
robi,Hujan,78000,Dikirim
robi,Hujan,78000,Dikirim
robi,amba,50000,Diterima
robi,amba,50000,Diterima
robi,amba,50000,Diterima
robi,amba,50000,Dikirim
robi,amba,50000,Dikirim
robi,amba,50000,Dikirim
robi,amba,65000,Menunggu Konfirmasi
robi,Ayat-Ayat Cinta,90000,Menunggu Konfirmasi
robi,Ronggeng Dukuh Paruk,72000,Menunggu Konfirmasi
robi,Laskar Pelangi,75000,Menunggu Konfirmasi
robi,Dilan 1990,65000,Menunggu Konfirmasi
